date,ticker,close
2026-03-02,LUMA,18.00
2026-03-03,LUMA,18.03
2026-03-04,LUMA,17.74
2026-03-05,LUMA,17.95
2026-03-06,LUMA,17.73
2026-03-09,LUMA,17.43
2026-03-10,LUMA,no_quote
2026-03-11,LUMA,17.04
2026-03-12,LUMA,16.92
2026-03-13,LUMA,16.52
2026-03-16,LUMA,16.08
2026-03-17,LUMA,15.90
2026-03-18,LUMA,15.46
2026-03-19,LUMA,16.18
2026-03-20,LUMA,16.15
2026-03-23,LUMA,15.98
2026-03-24,LUMA,16.59
2026-03-25,LUMA,16.77
2026-03-26,LUMA,16.19
2026-03-27,LUMA,15.67
2026-03-02,NOVA,50.00
2026-03-03,NOVA,50.42
2026-03-04,NOVA,50.85
2026-03-05,NOVA,51.44
2026-03-06,NOVA,50.91
2026-03-09,NOVA,51.53
2026-03-10,NOVA,51.69
2026-03-11,NOVA,50.77
2026-03-12,NOVA,51.15
2026-03-13,NOVA,51.29
2026-03-16,NOVA,51.51
2026-03-17,NOVA,50.63
2026-03-18,NOVA,51.08
2026-03-19,NOVA,51.47
2026-03-20,NOVA,52.43
2026-03-23,NOVA,52.84
2026-03-24,NOVA,52.71
2026-03-25,NOVA,53.30
2026-03-26,NOVA,53.50
2026-03-27,NOVA,54.86
2026-03-02,ORCA,90.00
2026-03-03,ORCA,90.91
2026-03-04,ORCA,90.74
2026-03-05,ORCA,89.22
2026-03-06,ORCA,90.66
2026-03-09,ORCA,91.46
2026-03-10,ORCA,92.16
2026-03-11,ORCA,91.24
2026-03-12,ORCA,91.70
2026-03-13,ORCA,89.93
2026-03-16,ORCA,90.32
2026-03-17,ORCA,90.86
2026-03-18,ORCA,90.62
2026-03-19,ORCA,no_quote
2026-03-20,ORCA,90.50
2026-03-23,ORCA,90.29
2026-03-24,ORCA,88.89
2026-03-25,ORCA,88.20
2026-03-26,ORCA,88.81
2026-03-27,ORCA,88.71
2026-03-02,PINE,35.00
2026-03-03,PINE,35.39
2026-03-04,PINE,35.60
2026-03-05,PINE,35.48
2026-03-06,PINE,36.15
2026-03-09,PINE,36.62
2026-03-10,PINE,36.99
2026-03-11,PINE,36.32
2026-03-12,PINE,36.82
2026-03-13,PINE,36.13
2026-03-16,PINE,36.19
2026-03-17,PINE,36.69
2026-03-18,PINE,36.49
2026-03-19,PINE,36.15
2026-03-20,PINE,35.70
2026-03-23,PINE,36.00
2026-03-24,PINE,36.66
2026-03-25,PINE,36.74
2026-03-26,PINE,35.91
2026-03-27,PINE,35.85
